<?xml version="1.0" encoding="UTF-8"?>

<deployment xmlns="urn:jboss:bean-deployer:2.0">

   <!-- MBean server -->
   <bean name="MBeanServer" class="javax.management.MBeanServer">
      <constructor factoryClass="java.lang.management.ManagementFactory"
                   factoryMethod="getPlatformMBeanServer"/>
   </bean> 

   <!-- The core configuration -->
   <bean name="Configuration" class="org.jboss.messaging.core.config.impl.FileConfiguration"/>   

	<!-- The security manager -->
   <bean name="JBMSecurityManager" class="org.jboss.messaging.integration.security.JBossASSecurityManager">
      <depends>JBossSecurityJNDIContextEstablishment</depends>
      <start ignored="true"/>
      <stop ignored="true"/>
   </bean>

	<!-- The core server -->
   <bean name="MessagingServer" class="org.jboss.messaging.core.server.impl.MessagingServerImpl">
      <start ignored="true"/>
      <stop ignored="true"/>  
      <constructor>
         <parameter>
            <inject bean="Configuration"/>
         </parameter>
         <parameter>
            <inject bean="MBeanServer"/>
         </parameter>
         <parameter>
            <inject bean="JBMSecurityManager"/>
         </parameter>        
      </constructor>         
   </bean>
   
   <!-- The JMS server -->
   <bean name="JMSServerManager" class="org.jboss.messaging.jms.server.impl.JMSServerManagerImpl">
      <constructor>         
         <parameter>
            <inject bean="MessagingServer"/>
         </parameter>         
      </constructor>
   </bean>

</deployment>